{
  "version": "3.85.31840.0",
  "course_id": "5uI0yhQ67n8",
  "title": "Lab 3",
  "thumbnail": "story_content/thumbnail.jpg",
  "scenes": [
    {
      "title": "Chapter 7"
    }
  ],
  "slides": [
    {
      "id": "6l6qahTtEuN",
      "title": "Welcome",
      "scene_index": "1.1"
    },
    {
      "id": "6Lt44NJBylz",
      "title": "Objectives",
      "scene_index": "1.2"
    },
    {
      "id": "65m7hjnS5qM",
      "title": "Definition",
      "scene_index": "1.3"
    },
    {
      "id": "6GzBXERfleW",
      "title": "Why to use",
      "scene_index": "1.4"
    },
    {
      "id": "6S5SOLwt41K",
      "title": "When to Ignore",
      "scene_index": "1.5"
    },
    {
      "id": "6iq7qCJsGqL",
      "title": "When to Ignore 2",
      "scene_index": "1.6"
    },
    {
      "id": "6n2IYoRjrqQ",
      "title": "The Redundancy Principle tells us to use as much text, narration and graphics as possible.",
      "scene_index": "1.7"
    },
    {
      "id": "6AumCEFG9C3",
      "title": "Why should we use the Redundancy Principle?  \nSelect all that apply.",
      "scene_index": "1.8"
    },
    {
      "id": "5aAK7SLImuJ",
      "title": "In Which situation should you apply the Redundancy Principle?",
      "scene_index": "1.9"
    },
    {
      "id": "5k2GIhUsmiS",
      "title": "Quiz Results",
      "scene_index": "1.10"
    },
    {
      "id": "64AgJs4HW7T",
      "title": "Reference",
      "scene_index": "1.11"
    }
  ],
  "player": {
    "name": "unified",
    "width": 1220,
    "height": 658
  },
  "stage": {
    "width": 960,
    "height": 540
  }
}